text,length
"The sun sets, painting the sky orange.",7
"She smiled, her eyes sparkling.",5
The waves crashed against the rocks as seagulls circled above.,10
The moonlight danced upon the shimmering lake's surface.,8
The autumn leaves whispered secrets in the breeze.,7
"The stars twinkled brightly in the midnight sky, illuminating everything.",10
The laughter of children echoed through the colorful playground.,8
"The old oak tree stood tall and majestic, enduring time.",8
The birds chirped merrily at dawn.,5
The gentle breeze whispered secrets through the rustling leaves.,9
The sun's rays painted the sky with golden hues.,8
"The waves crashed against the shore, filling the air with tranquility.",9
"The distant mountains embraced the horizon, majestic and untouchable.",10
"Stars twinkled, painting the night sky.",6
Time flies when happy.,4
"The rainbow arched gracefully, casting vibrant colors across the sky.",9
"The cat purred, curling up contentedly beside the fireplace.",6
"The autumn leaves danced in the gentle breeze, gracefully twirling.",8
"The melody floated through the air, enchanting hearts and souls.",9
The moonlit path led them to unexpected adventures.,7
Time heals all wounds.,4
The gentle rain washed away the worries of the day.,9
"The fire crackled softly as friends gathered around, sharing stories.",10
"Stars shimmered, painting the night sky with magic.",7
The waves whispered secrets as they kissed the shore.,8
The sunflowers swayed joyfully in the warm summer breeze.,9
The distant mountains echoed with a serene silence.,7
The moonlight shimmered on the tranquil surface of the lake.,10
Whispers of love filled the air as they embraced warmly.,10
The laughter of children echoed through the sunlit park.,8
"As the sun dipped below the horizon, painting the sky in hues of orange and pink, tranquility embraced the world.",18
The gentle breeze carried the sweet scent of blooming flowers in the garden.,12
"The stars twinkled in the velvet night sky, casting a mesmerizing glow upon the tranquil, moonlit landscape.",19
"The old lighthouse stood tall, guiding ships safely through treacherous waters with its steadfast beacon.",15
The autumn leaves rustled underfoot as the crisp air whispered tales of change and new beginnings.,20
"The melody of the piano danced through the room, filling hearts with a nostalgic symphony of emotions.",18
"The sun kissed the ocean horizon, painting the sky with vibrant hues of pink and gold.",15
"The scent of freshly brewed coffee mingled with the aroma of warm, buttery croissants in the café.",16
The laughter of children echoed through the park as they played games and chased colorful balloons.,18
"The full moon cast a soft glow, illuminating the path through the enchanting forest.",14
"The gentle raindrops danced on the windowpane, creating a soothing melody that lulled me to sleep.",17
"The majestic waterfall cascaded down the rocky cliffs, creating a breathtaking display of nature's power.",17
"The golden sunset painted the sky, casting its warm glow over the tranquil ocean waves.",14
"The wind whispered secrets through the ancient trees, as if sharing the wisdom of ages untold.",18
"The stars twinkled like diamonds in the velvet sky, illuminating the path to endless possibilities.",17
The soft melody carried me away to a place of serenity and tranquility.,13
The vibrant colors of autumn painted the landscape in a breathtaking symphony.,12
The gentle breeze whispered secrets as it rustled through the swaying leaves.,11
"The sun's rays filtered through the dense canopy, creating dappled patterns of light on the forest floor.",15
"The waves crashed against the shore, their relentless energy a testament to the power of nature's force.",18
"The ancient ruins stood silently, remnants of a forgotten civilization, whispering tales of bygone glory to the wind.",19
"The first snowfall blanketed the world in a serene, glistening white embrace.",12
"The laughter of friends filled the room, creating a warm and joyful atmosphere of togetherness and happiness.",16
"The majestic mountains stood tall, their peaks reaching for the heavens, while rivers meandered through lush green valleys below.",20
"The scent of blooming flowers wafted through the air, announcing the arrival of a vibrant spring season.",17
"The sound of crashing waves echoed against the rocky cliffs, filling the air with nature's symphony.",17
"The golden sunlight filtered through the tall trees, casting a warm and ethereal glow upon the forest floor.",18
"The gentle breeze whispered through the fields, carrying the scent of blossoming flowers and fresh hope.",17
"The stars twinkled in the night sky, guiding weary travelers towards their destined paths of discovery.",17
"The soft raindrops kissed the earth, nourishing the soil and bringing forth new life.",14
"The sun slowly dipped below the horizon, casting a warm glow that painted the sky in hues of orange, pink, and purple, creating a breathtaking masterpiece of nature's artistry.",29
"The autumn leaves danced in the crisp breeze, forming a vibrant tapestry of red, orange, and gold, heralding the arrival of a new season.",24
"The gentle waves lapped against the sandy shore, while seagulls soared gracefully overhead, their calls blending harmoniously with the tranquil sounds of the ocean.",25
"The snow-capped mountains stood majestically, their peaks reaching for the sky, as the crystal-clear river meandered through the picturesque valley, reflecting the beauty of nature's grandeur.",29
"The fragrance of freshly baked bread filled the air, enticing passersby with its warm, comforting aroma that beckoned them into the cozy bakery.",23
"The stars twinkled like diamonds in the vast night sky, illuminating the darkness with their ethereal glow and captivating our imagination.",22
"The gentle breeze rustled the leaves, creating a soothing melody that whispered secrets of serenity, as the sun painted the sky in hues of orange and gold, bidding farewell to the day.",27
"The sound of crashing waves, the salty sea breeze, and the warm sand beneath my feet brought a sense of tranquility to my soul.",27
"The moonlit path meandered through the ancient forest, its mystical aura drawing wanderers to discover the secrets hidden within the whispering trees and shimmering starlight.",28
"The melody of laughter filled the air, intertwining with the aroma of freshly brewed coffee, creating an ambiance of warmth and camaraderie in the bustling café on a rainy afternoon.",29
"The gentle petals of the cherry blossoms danced in the breeze, painting the landscape in a sea of delicate pink hues.",21
"The sun gradually dipped below the horizon, casting a warm glow that kissed the world goodnight, as stars emerged, dotting the velvet sky with their shimmering brilliance.",25
"The gentle raindrops fell, rejuvenating the earth, while the birds sought refuge in the leafy canopy, serenading nature with their melodic songs, creating a harmonious symphony of life and renewal.",28
"The cool autumn breeze whispered through the colorful leaves, hinting at the arrival of a new season filled with crisp air and cozy moments.",22
"The sun slowly rose, casting a golden glow across the vast expanse of the rolling hills, awakening the world to a new day filled with endless possibilities and untold adventures.",30
"The gentle breeze carried the sweet scent of blooming flowers, while the birds chirped melodiously, painting a picturesque scene of nature's harmony in the tranquil meadow.",29
"The full moon cast its luminous glow, illuminating the night sky and revealing a celestial tapestry of stars that sparkled with ethereal beauty.",22
"The sound of waves crashing against the shoreline, accompanied by seagulls' cries, created a symphony of nature that soothed the soul and inspired a sense of tranquility.",25
"The golden sun bathed the landscape in a warm embrace, as colorful flowers swayed gently in the breeze, and the scent of nature's abundance filled the air with pure delight.",30
"The soft whispers of the wind carried tales of distant lands, igniting a yearning for adventure and filling the heart with a sense of wanderlust.",23
"The first rays of dawn painted the sky in hues of pink and orange, announcing the start of a new day filled with endless possibilities.",21
"The majestic waterfall cascaded down the rugged cliff, its roaring waters creating a symphony of power and beauty that mesmerized all who beheld its grandeur.",25
"The gentle touch of a loved one's hand can bring solace and warmth, reminding us that we are never alone in this vast journey called life.",23
"The vibrant rainbow arched across the sky, spreading its colorful hues and filling the world with a sense of awe and wonder.",22
"The soft, golden sand embraced my bare feet as the gentle waves whispered secrets of the sea, creating a moment of tranquility and connection with nature.",25
"The ancient ruins stood as silent witnesses to a forgotten era, their weathered stones preserving the echoes of a rich history waiting to be discovered.",24
"The starlit sky stretched endlessly above, captivating the imagination with its vastness, while the whispering trees below offered solace and a connection to the beauty of nature.",28
"The crisp autumn air carried the nostalgic scent of fallen leaves, evoking memories of childhood and the anticipation of cozy evenings by the crackling fireplace.",25
"The sun slowly dipped below the horizon, casting a warm golden glow that painted the sky in breathtaking hues, bidding farewell to another day and welcoming the peaceful night.",30
"The gentle raindrops danced upon the windowpane, creating a soothing melody that washed away the worries of the day, bringing a sense of calm and renewal to the weary soul.",30
"As the sun dipped below the horizon, the sky transformed into a magnificent canvas, splashed with vibrant hues of orange, pink, and purple, captivating the beholder with its awe-inspiring beauty and tranquility.",36
"The sound of laughter filled the air, mingling with the tantalizing aroma of sizzling barbeque, as friends and family gathered in the backyard, creating cherished memories under the warm summer sun.",33
"The gentle breeze whispered through the tall grass, as the sun dipped below the horizon, painting the sky in hues of orange and purple, signaling the end of another beautiful day.",31
"The waves crashed against the rugged shore, their frothy crests reaching eagerly for the sandy beach, as seagulls soared overhead, their cries blending with the salty scent of the sea.",34
"The grand oak tree stood majestically in the center of the meadow, its branches reaching out like embracing arms, providing shade and shelter to the vibrant ecosystem thriving beneath its canopy of green leaves.",37
"The melody of birdsong filled the tranquil forest, intertwining with the rustling of leaves underfoot, as sunlight filtered through the dense canopy, illuminating nature's hidden wonders with a gentle touch of magic.",32
"The golden sunset painted the sky with hues of red and purple, casting a warm glow over the serene landscape, as nature's symphony played softly, serenading the day's end with tranquility and grace.",34
"The moonlight danced on the calm surface of the lake, illuminating the night with its gentle glow, while the stars sparkled above, creating a celestial spectacle that filled the heart with wonder.",32
"The fragrance of blooming flowers permeated the air, mingling with the earthy scent of rain-soaked soil, as nature's palette painted the landscape in a vibrant tapestry of colors and life.",34
"The gentle breeze whispered through the swaying trees, carrying the sweet fragrance of blossoms and the melodies of chirping birds, creating a serene ambiance that rejuvenated the weary soul.",31
"The cascading waterfall roared with a thunderous might, its frothy waters plunging into the crystalline pool below, while nature's orchestra of chirping birds and rustling leaves provided a symphony of serenity.",33
"As the first rays of dawn illuminated the horizon, the sleepy town awakened to a chorus of roosters crowing, the aroma of freshly brewed coffee filling the air, and the promise of a new day full of possibilities.",40
"The autumn leaves fluttered and twirled in the crisp breeze, their vibrant colors painting the landscape with a kaleidoscope of red, orange, and gold, announcing the arrival of the enchanting fall season.",33
"The sun-kissed beach beckoned with its shimmering sands and gentle waves, inviting the weary traveler to find solace and serenity amidst the rhythmic lullaby of the ocean.",32
"As the twilight descended, the cityscape transformed into a mesmerizing tapestry of twinkling lights, bustling streets, and the distant hum of life, creating a captivating symphony that whispered stories of dreams, ambitions, and endless possibilities.",40
"The gentle raindrops cascaded from the heavens, caressing the earth with their delicate touch, nourishing the thirsty ground and breathing life into blossoming flowers, as nature celebrated the dance of renewal and growth.",37
"The snowflakes drifted silently from the sky, creating a soft blanket of white that transformed the landscape into a winter wonderland, while the air filled with the hushed whispers of nature in slumber.",34
"The golden sunset painted the sky in hues of pink and orange, casting a warm glow over the tranquil sea, as the waves gently lapped against the shore, whispering tales of serenity and eternal beauty.",37
"The old oak tree stood tall and proud, its weathered trunk bearing the marks of time, while its sprawling branches reached out like ancient arms, offering shade and solace to all who sought refuge beneath.",35
"The vibrant market buzzed with the chatter of vendors, the aroma of exotic spices, and the kaleidoscope of colorful goods, as people from all walks of life converged, creating a tapestry of cultures and shared experiences.",38
"The laughter of children echoed through the park, filling the air with pure joy, while the sun's warm rays kissed their rosy cheeks, creating memories that would forever be etched in their hearts.",32
"The majestic mountains stood tall, their peaks reaching for the sky, as the sunlight bathed the slopes in a golden glow, revealing the breathtaking beauty of nature's masterpiece.",32
"The starry night sky stretched endlessly above, adorned with twinkling constellations that whispered ancient stories, while the moon cast a gentle glow, illuminating the path for dreamers and guiding them toward their celestial aspirations.",37
"The tranquil lake mirrored the serene beauty of the surrounding landscape, reflecting the vibrant colors of the blooming flowers and the gentle sway of the willow trees, creating a picturesque scene of harmony and peace.",36
"The soft melody of the piano floated through the room, filling the air with its graceful notes, evoking emotions that words alone could not express, touching the hearts of all who listened.",31
"The bustling city streets pulsed with life, as people hurried along, their footsteps merging into a symphony of purpose and ambition, while towering skyscrapers reached for the sky, a testament to human endeavor and dreams realized.",39
"The autumn leaves danced in the crisp breeze, painting the ground in a vibrant tapestry of red, orange, and gold, as nature prepared for its slumber, whispering secrets of change and transformation in every rustling sound.",37
"The gentle waves caressed the sandy shore, their rhythmic motion creating a soothing symphony that echoed through the salty air, while seagulls soared overhead, their calls blending with the distant sound of laughter and playful splashes in the water.",39
"The sun-kissed meadow stretched out before us, carpeted with wildflowers in a vibrant display of colors, as butterflies fluttered from bloom to bloom, carrying the essence of summer on their delicate wings.",39
"The first rays of dawn painted the sky in hues of pink and gold, signaling the arrival of a new day filled with endless possibilities and the promise of hope.",31
"The old bookshop exuded an air of enchantment, with shelves adorned by volumes whispering tales of forgotten worlds, as the scent of yellowed pages mingled with the aroma of brewing tea, inviting visitors to lose themselves in literary wonders.",42
"The waves crashed against the rugged cliffs, their relentless power echoing through the salty air, while seagulls glided effortlessly in the sky, witnessing the eternal dance between land and sea, where nature's forces converge in a breathtaking symphony.",42
"The majestic mountain peaks kissed the sky, their snow-capped summits glistening in the golden light of the setting sun, as valleys below embraced a tapestry of lush greenery, where wildlife thrived and rivers cascaded with untamed grace.",43
"The symphony orchestra filled the concert hall with a harmonious blend of strings, woodwinds, brass, and percussion, transporting the audience to a world of emotion and beauty, where music transcended language and connected souls in a shared moment of pure enchantment.",42
"The sun-drenched meadow stretched as far as the eye could see, a vibrant canvas of wildflowers swaying in the gentle breeze, while butterflies danced among them, creating a kaleidoscope of colors that brought joy and serenity to all who beheld the scene.",43
"The ancient ruins stood in silent testimony to a forgotten era, their weathered stones carrying whispers of a rich history that once thrived within their walls, inviting curious minds to unravel the mysteries of the past.",42
"The moonlit night embraced the tranquil lake, casting a shimmering reflection of stars upon its still surface, while a gentle breeze whispered through the trees, creating a symphony of rustling leaves and bringing a sense of calm and serenity to the peaceful surroundings.",44
"The city streets buzzed with energy as people from all walks of life hurried along, their footsteps blending with the rhythm of car horns and the chatter of conversation, creating a vibrant symphony of urban life.",42
"The majestic waterfall cascaded down the rocky cliff, its pristine waters plunging into a crystal-clear pool below, sending up a mist that danced in the sunlight, while the surrounding lush greenery echoed with the symphony of nature, creating a scene of breathtaking beauty.",45
"The vast expanse of the night sky unfolded above, adorned with countless stars that twinkled like diamonds, while the moon cast a soft glow upon the world below, illuminating landscapes and revealing hidden wonders, as if nature itself was whispering its secrets to those who dared to listen.",48
"The crisp autumn air carried the scent of fallen leaves and the promise of change, as nature adorned itself in vibrant hues of red, orange, and gold, painting a breathtaking tapestry that welcomed the season's arrival with open arms.",43
"As the sun dipped below the horizon, casting hues of fiery orange and purple across the sky, the world fell into a hushed stillness, while the stars began to twinkle, dotting the velvet darkness, and the gentle night breeze whispered secrets that only those who embraced the silence could hear.",50
"The waves crashed against the rugged cliffs, their relentless power echoing through the air, while seagulls soared overhead, their calls blending with the salty breeze, and the sun cast a golden glow upon the sparkling sea, painting a picture of timeless beauty that stirred the soul.",45
"The old oak tree stood tall and proud, its gnarled branches reaching out like ancient fingers, as if whispering stories of the past, while its leaves rustled in the gentle breeze, creating a soothing melody that carried the essence of nature's wisdom.",42
"The city streets bustled with life as people hurried on their way, each lost in their own thoughts and dreams, while the neon lights illuminated the night sky, casting a vibrant glow that painted the urban landscape in a tapestry of colors, captivating the senses.",48
"The majestic mountains stood tall, their snow-capped peaks reaching for the heavens, while rivers cascaded down their slopes, carving winding paths through lush valleys, and wildflowers adorned the meadows in a vibrant display of nature's artistry, creating a breathtaking scene that stirred the heart and awakened a sense of awe and wonder.",56
"The ancient castle, steeped in history, loomed over the picturesque countryside, its weathered stone walls echoing tales of knights and kings, while the moat glistened under the moonlight, guarding secrets untold, and the wind whispered through the turrets, carrying the whispers of the past, creating an enchanting atmosphere that transported visitors to a bygone era.",57
"The sun slowly set behind the horizon, casting a golden hue across the tranquil ocean waters, as seagulls soared gracefully in the evening sky, their calls harmonizing with the gentle lapping of waves against the shore, creating a serene symphony of nature that brought a sense of peace and tranquility to all who beheld it.",55
"The bustling city streets were alive with a kaleidoscope of cultures, where the aroma of exotic spices mingled with the sound of vibrant music, as people from all walks of life came together in a harmonious blend of diversity, celebrating the richness of human connection and the tapestry of experiences that make up our shared humanity.",58
"The moonlit path meandered through the ancient forest, its ethereal glow illuminating the way as nocturnal creatures whispered secrets in the night, and the rustling leaves added a symphony of nature's melody, creating a mystical ambiance that invited wanderers to lose themselves in the enchanting embrace of the wilderness.",51
"In the vastness of the cosmos, stars shimmered like distant beacons, while galaxies swirled in an endless cosmic dance, revealing the awe-inspiring beauty of the universe. Planets and moons adorned the celestial canvas, each with its own story waiting to be discovered. And in this cosmic symphony, we are but mere observers, humbled by the grandeur and mystery that surrounds us.",61
"As the morning sun painted the sky in hues of gold and orange, the world awakened to a new day, brimming with possibilities. Birds greeted the dawn with a chorus of songs, while gentle breezes whispered through the trees, carrying the scent of blooming flowers. In this moment, nature's symphony unfolded, inviting us to embrace the beauty and serenity that exist in the simplest moments of life.",65
"In the realm of imagination, where dreams take flight and creativity knows no bounds, the human spirit finds solace and inspiration. From the pages of books to the strokes of an artist's brush, the world of possibilities unfolds. Ideas intertwine, passions ignite, and innovation thrives. It is within this vast expanse of limitless potential that we discover the true essence of our humanity and the power to shape a brighter future.",70
"In the tapestry of life, we are all interconnected, woven together by threads of shared experiences, hopes, and dreams. Each person's story adds depth and richness to the collective narrative of humanity. From the laughter that echoes through crowded streets to the tears shed in moments of sorrow, our emotions intertwine, reminding us of our shared humanity. It is through compassion, understanding, and empathy that we can truly embrace the beauty of our diversity and forge a path toward unity.",73
"In the vast expanse of the universe, our tiny blue planet teems with life, bursting with a kaleidoscope of cultures, languages, and traditions. From the bustling cities to the serene countryside, each corner holds stories waiting to be told. People from all walks of life, with their unique perspectives and dreams, contribute to the tapestry of humanity. We navigate the complexities of existence, seeking connection, purpose, and a shared journey toward a brighter tomorrow.",78
"In the quiet stillness of the early morning, the sun slowly rises, casting a warm glow across the tranquil landscape. Birds chirp in harmony, announcing the arrival of a new day. Dew glistens on blades of grass, reflecting the beauty of nature's artwork. The world awakens, buzzing with life and possibilities. With each breath, we embrace the gift of existence, grateful for the chance to create, learn, and grow in this vast tapestry of experiences.",75
